PFAS,SMILES,System,initial photoinitiator concentration,initial PFAS concentration,pH,temperature,contact time,UV,HA,TOC,Ccl,Cphosphate,"CNO3
(mM)",CHCO3,CSO4,CCO3,k
PFOA,O=C(O)C(F)(F)C(F)(F)C(F)(F)C(F)(F)C(F)(F)C(F)(F)C(F)(F)F,UV/KI,10,24,6,,2.5,254,,,,,,,,,
PFOA,O=C(O)C(F)(F)C(F)(F)C(F)(F)C(F)(F)C(F)(F)C(F)(F)C(F)(F)F,UV/KI,10,24,7,,2.5,254,,,,,,,,,
PFOA,O=C(O)C(F)(F)C(F)(F)C(F)(F)C(F)(F)C(F)(F)C(F)(F)C(F)(F)F,UV/KI,10,24,8,,2.5,254,,,,,,,,,
PFOA,O=C(O)C(F)(F)C(F)(F)C(F)(F)C(F)(F)C(F)(F)C(F)(F)C(F)(F)F,UV/S,10,20,10.3,25,24,254,,,,,,,,,
PFOA,O=C(O)C(F)(F)C(F)(F)C(F)(F)C(F)(F)C(F)(F)C(F)(F)C(F)(F)F,UV/S,10,38.7,9.2,25,0.17,200,,,,,,,,,27.3
PFOA,O=C(O)C(F)(F)C(F)(F)C(F)(F)C(F)(F)C(F)(F)C(F)(F)C(F)(F)F,UV/S,20,160,10,20,6,253.7,,,,,,,,,2.46
PFOA,O=C(O)C(F)(F)C(F)(F)C(F)(F)C(F)(F)C(F)(F)C(F)(F)C(F)(F)F,UV/S,10,25,9.5,20,48,254,,,,,,,,,0.56
PFOA,O=C(O)C(F)(F)C(F)(F)C(F)(F)C(F)(F)C(F)(F)C(F)(F)C(F)(F)F,UV/S,10,25,12,,8,254,,,,,,,,,4.38
PFOA,O=C(O)C(F)(F)C(F)(F)C(F)(F)C(F)(F)C(F)(F)C(F)(F)C(F)(F)F,UV/S,4,20,,21,48,230,,,,,,,,,
PFOA,O=C(O)C(F)(F)C(F)(F)C(F)(F)C(F)(F)C(F)(F)C(F)(F)C(F)(F)F,UV/S,10,24.15,10,21,24,254,,,,,,,,,
PFOA,O=C(O)C(F)(F)C(F)(F)C(F)(F)C(F)(F)C(F)(F)C(F)(F)C(F)(F)F,UV/indole,,24,6,,8,254,,,,,,,,,
PFOA,O=C(O)C(F)(F)C(F)(F)C(F)(F)C(F)(F)C(F)(F)C(F)(F)C(F)(F)F,UV/S,10,24.15,9,21,24,254,,,,,,,,,
PFOA,O=C(O)C(F)(F)C(F)(F)C(F)(F)C(F)(F)C(F)(F)C(F)(F)C(F)(F)F,UV/S,10,24.15,10,21,24,254,,,,,,,,,
PFOA,O=C(O)C(F)(F)C(F)(F)C(F)(F)C(F)(F)C(F)(F)C(F)(F)C(F)(F)F,UV/S,10,24.15,11,21,24,254,,,,,,,,,
PFOA,O=C(O)C(F)(F)C(F)(F)C(F)(F)C(F)(F)C(F)(F)C(F)(F)C(F)(F)F,UV/S,10,24.15,12,21,24,254,,,,,,,,,
PFOA,O=C(O)C(F)(F)C(F)(F)C(F)(F)C(F)(F)C(F)(F)C(F)(F)C(F)(F)F,UV/S,10,24.15,10,21,24,254,10,,,,,,,,
PFOA,O=C(O)C(F)(F)C(F)(F)C(F)(F)C(F)(F)C(F)(F)C(F)(F)C(F)(F)F,UV/S,10,24.15,10,21,24,254,25,,,,,,,,
PFOA,O=C(O)C(F)(F)C(F)(F)C(F)(F)C(F)(F)C(F)(F)C(F)(F)C(F)(F)F,UV/S,10,24.15,10,21,24,254,50,,,,,,,,
PFOA,O=C(O)C(F)(F)C(F)(F)C(F)(F)C(F)(F)C(F)(F)C(F)(F)C(F)(F)F,UV/S,10,24.15,10,21,24,254,,,50,,,,,,
PFOA,O=C(O)C(F)(F)C(F)(F)C(F)(F)C(F)(F)C(F)(F)C(F)(F)C(F)(F)F,UV/S,10,24.15,10,21,24,254,,,100,,,,,,
PFOA,O=C(O)C(F)(F)C(F)(F)C(F)(F)C(F)(F)C(F)(F)C(F)(F)C(F)(F)F,UV/S,10,24.15,10,21,24,254,,,150,,,,,,
PFOA,O=C(O)C(F)(F)C(F)(F)C(F)(F)C(F)(F)C(F)(F)C(F)(F)C(F)(F)F,UV/S,10,24.15,11.25,21,24,254,,,855,,,,,,
PFOA,O=C(O)C(F)(F)C(F)(F)C(F)(F)C(F)(F)C(F)(F)C(F)(F)C(F)(F)F,UV/S,10,24.15,11.25,21,24,254,,,1709,,,,,,
PFOA,O=C(O)C(F)(F)C(F)(F)C(F)(F)C(F)(F)C(F)(F)C(F)(F)C(F)(F)F,UV/S,10,24.15,10,21,24,254,,,855,,,,,,
PFOA,O=C(O)C(F)(F)C(F)(F)C(F)(F)C(F)(F)C(F)(F)C(F)(F)C(F)(F)F,UV/S,10,24.15,10,21,24,254,,,1709,,,,,,
PFOA,O=C(O)C(F)(F)C(F)(F)C(F)(F)C(F)(F)C(F)(F)C(F)(F)C(F)(F)F,UV/S,10,24.15,10,21,0.5,254,,,,5,,,,,
PFOA,O=C(O)C(F)(F)C(F)(F)C(F)(F)C(F)(F)C(F)(F)C(F)(F)C(F)(F)F,UV/S,10,24.15,10,21,24,254,,,,5,,,,,
PFOA,O=C(O)C(F)(F)C(F)(F)C(F)(F)C(F)(F)C(F)(F)C(F)(F)C(F)(F)F,UV/S,10,24.15,10,21,24,254,,,,12.5,,,,,
PFOA,O=C(O)C(F)(F)C(F)(F)C(F)(F)C(F)(F)C(F)(F)C(F)(F)C(F)(F)F,UV/S,10,24.15,10,21,24,254,,,,25,,,,,
PFOA,O=C(O)C(F)(F)C(F)(F)C(F)(F)C(F)(F)C(F)(F)C(F)(F)C(F)(F)F,UV/S,10,24.15,10,21,24,254,,,,,,,,5,
PFOA,O=C(O)C(F)(F)C(F)(F)C(F)(F)C(F)(F)C(F)(F)C(F)(F)C(F)(F)F,UV/S,10,24.15,10,21,24,254,,,,,,,,12.5,
PFOA,O=C(O)C(F)(F)C(F)(F)C(F)(F)C(F)(F)C(F)(F)C(F)(F)C(F)(F)F,UV/S,10,24.15,10,21,24,254,,,,,,,,25,
PFOA,O=C(O)C(F)(F)C(F)(F)C(F)(F)C(F)(F)C(F)(F)C(F)(F)C(F)(F)F,UV/S,10,24.15,10,21,2,254,,,,,1,,,,
PFOA,O=C(O)C(F)(F)C(F)(F)C(F)(F)C(F)(F)C(F)(F)C(F)(F)C(F)(F)F,UV/S,10,24.15,10,21,4,254,,,,,1,,,,
PFOA,O=C(O)C(F)(F)C(F)(F)C(F)(F)C(F)(F)C(F)(F)C(F)(F)C(F)(F)F,UV/S,10,24.15,10,21,24,254,,,,,1,,,,
PFOA,O=C(O)C(F)(F)C(F)(F)C(F)(F)C(F)(F)C(F)(F)C(F)(F)C(F)(F)F,UV/S,10,24.15,10,21,24,254,,,,,2,,,,
PFOA,O=C(O)C(F)(F)C(F)(F)C(F)(F)C(F)(F)C(F)(F)C(F)(F)C(F)(F)F,UV/S,20,24.15,10,21,24,254,,,,,2,,,,
PFOA,O=C(O)C(F)(F)C(F)(F)C(F)(F)C(F)(F)C(F)(F)C(F)(F)C(F)(F)F,UV/S,30,24.15,10,21,24,254,,,,,2,,,,
PFOA,O=C(O)C(F)(F)C(F)(F)C(F)(F)C(F)(F)C(F)(F)C(F)(F)C(F)(F)F,UV/S,10,24.15,10,21,24,254,,,,,5,,,,
PFOA,O=C(O)C(F)(F)C(F)(F)C(F)(F)C(F)(F)C(F)(F)C(F)(F)C(F)(F)F,UV/S,10,24.15,10,21,24,254,,,,,12.5,,,,
PFBA,O=C(O)C(F)(F)C(F)(F)C(F)(F)F,UV/KI,10,46,7,,2.5,254,,,,,,,,,0.078
PFHxA,O=C(O)C(F)(F)C(F)(F)C(F)(F)C(F)(F)C(F)(F)F,UV/KI,10,31.9,7,,2.5,254,,,,,,,,,0.066
TFA,O=C(O)C(F)(F)F,UV/S,10,25,9.5,20,48,254,,,,,,,,,0.15
PFPrA,O=C(O)C(F)(F)C(F)(F)F,UV/S,10,25,9.5,20,48,254,,,,,,,,,0.66
PFBA,O=C(O)C(F)(F)C(F)(F)C(F)(F)F,UV/S,10,25,9.5,20,48,254,,,,,,,,,0.4
PFPeA,O=C(O)C(F)(F)C(F)(F)C(F)(F)C(F)(F)F,UV/S,10,25,9.5,20,48,254,,,,,,,,,0.7
PFHxA,O=C(O)C(F)(F)C(F)(F)C(F)(F)C(F)(F)C(F)(F)F,UV/S,10,25,9.5,20,48,254,,,,,,,,,0.57
PFHpA,O=C(O)C(F)(F)C(F)(F)C(F)(F)C(F)(F)C(F)(F)C(F)(F)F,UV/S,10,25,9.5,20,48,254,,,,,,,,,0.52
PFNA,O=C(O)C(F)(F)C(F)(F)C(F)(F)C(F)(F)C(F)(F)C(F)(F)C(F)(F)C(F)(F)F,UV/S,10,25,9.5,20,48,254,,,,,,,,,0.89
PFDA,O=C(O)C(F)(F)C(F)(F)C(F)(F)C(F)(F)C(F)(F)C(F)(F)C(F)(F)C(F)(F)C(F)(F)F,UV/S,10,25,9.5,20,48,254,,,,,,,,,
PFUdA,O=C(O)C(F)(F)C(F)(F)C(F)(F)C(F)(F)C(F)(F)C(F)(F)C(F)(F)C(F)(F)C(F)(F)C(F)(F)F,UV/S,10,25,9.5,20,48,254,,,,,,,,,
TFA,O=C(O)C(F)(F)F,UV/S,10,25,12,20,8,254,,,,,,,,,3.44
PFPrA,O=C(O)C(F)(F)C(F)(F)F,UV/S,10,25,12,20,8,254,,,,,,,,,5.14
PFBA,O=C(O)C(F)(F)C(F)(F)C(F)(F)F,UV/S,10,25,12,20,8,254,,,,,,,,,7.16
PFPeA,O=C(O)C(F)(F)C(F)(F)C(F)(F)C(F)(F)F,UV/S,10,25,12,20,8,254,,,,,,,,,6.63
PFHxA,O=C(O)C(F)(F)C(F)(F)C(F)(F)C(F)(F)C(F)(F)F,UV/S,10,25,12,20,8,254,,,,,,,,,5.78
PFHpA,O=C(O)C(F)(F)C(F)(F)C(F)(F)C(F)(F)C(F)(F)C(F)(F)F,UV/S,10,25,12,20,8,254,,,,,,,,,5.69
PFNA,O=C(O)C(F)(F)C(F)(F)C(F)(F)C(F)(F)C(F)(F)C(F)(F)C(F)(F)C(F)(F)F,UV/S,10,25,12,20,8,254,,,,,,,,,5.05
C1 PFdiCA,O=C(O)C(F)(F)C(=O)O,UV/S,10,25,12,20,8,254,,,,,,,,,
C2 PFdiCA,O=C(O)C(F)(F)C(F)(F)C(=O)O,UV/S,10,25,12,20,8,254,,,,,,,,,
C3 PFdiCA,O=C(O)C(F)(F)C(F)(F)C(F)(F)C(=O)O,UV/S,10,25,12,20,8,254,,,,,,,,,
C4 PFdiCA,O=C(O)C(F)(F)C(F)(F)C(F)(F)C(F)(F)C(=O)O,UV/S,10,25,12,20,8,254,,,,,,,,,
C6 PFdiCA,O=C(O)C(F)(F)C(F)(F)C(F)(F)C(F)(F)C(F)(F)C(F)(F)C(=O)O,UV/S,10,25,12,20,8,254,,,,,,,,,
C7 PFdiCA,O=C(O)C(F)(F)C(F)(F)C(F)(F)C(F)(F)C(F)(F)C(F)(F)C(F)(F)C(=O)O,UV/S,10,25,12,20,8,254,,,,,,,,,
C8 PFdiCA,O=C(O)C(F)(F)C(F)(F)C(F)(F)C(F)(F)C(F)(F)C(F)(F)C(F)(F)C(F)(F)C(=O)O,UV/S,10,25,12,20,8,254,,,,,,,,,
PFOS,FC(F)(C(F)(F)S(=O)(=O)O)C(F)(F)C(F)(F)C(F)(F)C(F)(F)C(F)(F)C(F)(F)F,UV/KI,10,20,7,20,2.5,254,,,,,,,,,0.18
PFOS,FC(F)(C(F)(F)S(=O)(=O)O)C(F)(F)C(F)(F)C(F)(F)C(F)(F)C(F)(F)C(F)(F)F,UV/S,10,32,9.2,25,0.5,185,,,,,,,,,7.08
PFOS,FC(F)(C(F)(F)S(=O)(=O)O)C(F)(F)C(F)(F)C(F)(F)C(F)(F)C(F)(F)C(F)(F)F,UV/S,20,37.2,10,25,4,254,,,,,,,,,0.48
PFOS,FC(F)(C(F)(F)S(=O)(=O)O)C(F)(F)C(F)(F)C(F)(F)C(F)(F)C(F)(F)C(F)(F)F,UV/S,20,37.2,10,25,4,185,,,,,,,,,0.87
PFOS,FC(F)(C(F)(F)S(=O)(=O)O)C(F)(F)C(F)(F)C(F)(F)C(F)(F)C(F)(F)C(F)(F)F,UV/S,20,37.2,6,25,4,185,,,,,,,,,0.22
PFOS,FC(F)(C(F)(F)S(=O)(=O)O)C(F)(F)C(F)(F)C(F)(F)C(F)(F)C(F)(F)C(F)(F)F,UV/S,20,37.2,7,25,4,185,,,,,,,,,0.27
PFOS,FC(F)(C(F)(F)S(=O)(=O)O)C(F)(F)C(F)(F)C(F)(F)C(F)(F)C(F)(F)C(F)(F)F,UV/S,20,37.2,8,25,4,185,,,,,,,,,0.34
PFOS,FC(F)(C(F)(F)S(=O)(=O)O)C(F)(F)C(F)(F)C(F)(F)C(F)(F)C(F)(F)C(F)(F)F,UV/S,20,37.2,9,25,4,185,,,,,,,,,0.57
PFOS,FC(F)(C(F)(F)S(=O)(=O)O)C(F)(F)C(F)(F)C(F)(F)C(F)(F)C(F)(F)C(F)(F)F,UV/S,1,37.2,10,25,4,185,,,,,,,,,
PFOS,FC(F)(C(F)(F)S(=O)(=O)O)C(F)(F)C(F)(F)C(F)(F)C(F)(F)C(F)(F)C(F)(F)F,UV/S,2,37.2,10,25,4,185,,,,,,,,,
PFOS,FC(F)(C(F)(F)S(=O)(=O)O)C(F)(F)C(F)(F)C(F)(F)C(F)(F)C(F)(F)C(F)(F)F,UV/S,5,37.2,10,25,4,185,,,,,,,,,
PFOS,FC(F)(C(F)(F)S(=O)(=O)O)C(F)(F)C(F)(F)C(F)(F)C(F)(F)C(F)(F)C(F)(F)F,UV/S,10,37.2,10,25,4,185,,,,,,,,,
PFOS,FC(F)(C(F)(F)S(=O)(=O)O)C(F)(F)C(F)(F)C(F)(F)C(F)(F)C(F)(F)C(F)(F)F,UV/S,20,160,9.5,20,8,253.7,,,,,,,,,1.7
PFOS,FC(F)(C(F)(F)S(=O)(=O)O)C(F)(F)C(F)(F)C(F)(F)C(F)(F)C(F)(F)C(F)(F)F,UV/S,10,25,12,20,48,254,,,,,,,,,
PFOS,FC(F)(C(F)(F)S(=O)(=O)O)C(F)(F)C(F)(F)C(F)(F)C(F)(F)C(F)(F)C(F)(F)F,UV/S,10,25,12,20,8,254,,,,,,,,,0.78
PFOS,FC(F)(C(F)(F)S(=O)(=O)O)C(F)(F)C(F)(F)C(F)(F)C(F)(F)C(F)(F)C(F)(F)F,UV/indole,,20,6,25,8,254,,,,,,,,,
PFOS,FC(F)(C(F)(F)S(=O)(=O)O)C(F)(F)C(F)(F)C(F)(F)C(F)(F)C(F)(F)C(F)(F)F,UV/S,4,24,,25,48,230,,,,,,,,,
PFBS,C(F)(F)(S(O)(=O)=O)C(F)(F)C(F)(F)C(F)(F)F,UV/KI,10,33.4,7,,2.5,254,,,,,,,,,0.024
PFHxS,C(C(C(C(F)(F)S(=O)(=O)O)(F)F)(F)F)(C(C(F)(F)F)(F)F)(F)F,UV/KI,10,25.1,7,,2.5,254,,,,,,,,,0.072
TFMS,OS(=O)(=O)C(F)(F)F,UV/S,10,25,9.5,20,48,254,,,,,,,,,
PFBS,O=S(=O)(O)C(F)(F)C(F)(F)C(F)(F)C(F)(F)F,UV/S,10,25,9.5,20,48,254,,,,,,,,,0.0013
PFHxS,C(C(C(C(F)(F)S(=O)(=O)O)(F)F)(F)F)(C(C(F)(F)F)(F)F)(F)F,UV/S,10,25,9.5,20,48,254,,,,,,,,,
PFBS,O=S(=O)(O)C(F)(F)C(F)(F)C(F)(F)C(F)(F)F,UV/S,10,25,12,20,8,254,,,,,,,,,0.053
PFHxS,C(C(C(C(F)(F)S(=O)(=O)O)(F)F)(F)F)(C(C(F)(F)F)(F)F)(F)F,UV/S,10,25,12,20,8,254,,,,,,,,,
¦ØH-TFA,O=C(O)C(F)F,UV/S,10,25,12,20,8,254,,,,,,,,,
¦ØH-PFPrA,O=C(O)C(F)(F)C(F)F,UV/S,10,25,12,20,8,254,,,,,,,,,
¦ØH-PFBA,O=C(O)C(F)(F)C(F)(F)C(F)F,UV/S,10,25,12,20,8,254,,,,,,,,,
¦ØH-PFPeA,O=C(O)C(F)(F)C(F)(F)C(F)(F)C(F)F,UV/S,10,25,12,20,8,254,,,,,,,,,
¦ØH PFHpA,O=C(O)C(F)(F)C(F)(F)C(F)(F)C(F)(F)C(F)(F)C(F)F,UV/S,10,25,12,20,8,254,,,,,,,,,
¦ØH-PFOA,O=C(O)C(F)(F)C(F)(F)C(F)(F)C(F)(F)C(F)(F)C(F)(F)C(F)F,UV/S,10,25,12,20,8,254,,,,,,,,,
¦ØH-PFNA,O=C(O)C(F)(F)C(F)(F)C(F)(F)C(F)(F)C(F)(F)C(F)(F)C(F)(F)C(F)F,UV/S,10,25,12,20,8,254,,,,,,,,,
6:2 Cl PFESA,C(F)(F)(C(F)(F)C(F)(F)C(F)(F)Cl)C(F)(F)C(F)(F)OC(F)(F)C(F)(F)S(O)(=O)=O.[K+],UV/S,20,160,10,,8,253.7,,,,,,,,,
¦ØCl-TFA,O=C(O)C(F)(F)Cl,UV/S,10,25,12,20,0.07,254,,,,,,,,,
¦ØCl-PFPrA,O=C(O)C(F)(F)C(F)(F)Cl,UV/S,10,25,12,20,0.07,254,,,,,,,,,
¦ØCl PFPeA,O=C(O)C(F)(F)C(F)(F)C(F)(F)C(F)(F)Cl,UV/S,10,25,12,20,0.07,254,,,,,,,,,
¦ØCl-PFNA,O=C(O)C(F)(F)C(F)(F)C(F)(F)C(F)(F)C(F)(F)C(F)(F)C(F)(F)C(F)(F)Cl,UV/S,10,25,12,20,0.07,254,,,,,,,,,
Cl2-PFBA,O=C(O)C(F)(F)C(Cl)(F)C(F)(F)Cl,UV/S,10,25,12,20,0.03,254,,,,,,,,,
Cl3-PFHxA,O=C(O)C(F)(F)C(Cl)(F)C(F)(F)C(Cl)(F)C(F)(F)Cl,UV/S,10,25,12,20,0.07,254,,,,,,,,,
Cl4-PFOA,O=C(O)C(F)(F)C(Cl)(F)C(F)(F)C(Cl)(F)C(F)(F)C(Cl)(F)C(F)(F)Cl,UV/S,10,25,12,20,0.07,254,,,,,,,,,
HFPO-DA,"C(=O)(C(C(F)(F)F)(OC(C(C(F)(F)F)(F)F)(F)F)F)O
",UV/S,20,160,10,,6,253.7,,,,,,,,,2.03
HFPO-DA,"C(=O)(C(C(F)(F)F)(OC(C(C(F)(F)F)(F)F)(F)F)F)O
",UV/S,20,160,6.8,,8,253.7,,13.2,,,2.3,,,,1.776
HFPO-TeA,C(F)(F)FC(F)(F)C(F)(F)OC(F)(C(F)(F)F)C(F)(F)OC(F)(C(F)(F)F)C(=O)O,UV/S,20,160,10,,8,253.7,,,,,,,,,
HFPO-TrA,C(F)(F)FC(F)(F)C(F)(F)OC(F)(C(F)(F)F)C(F)(F)OC(F)(C(F)(F)F)C(F)(F)OC(F)(C(F)(F)F)C(=O)O,UV/S,20,160,10,,8,253.7,,,,,,,,,
TeA-w,C(F)(F)FOC(F)(F)C(F)(F)OC(F)(F)C(F)(F)OC(F)(F)C(=O)O,UV/S,20,160,10,,8,253.7,,,,,,,,,
HFPO-DA,C(F)(F)FC(F)(F)C(F)(F)OC(F)(C(F)(F)F)C(=O)O,UV/S,10,25,9.5,20,48,254,,,,,,,,,
HFPO-TrA,C(F)(F)FC(F)(F)C(F)(F)OC(F)(C(F)(F)F)C(F)(F)OC(F)(C(F)(F)F)C(=O)O,UV/S,10,25,9.5,20,48,254,,,,,,,,,
HFPO-TeA,C(F)(F)FC(F)(F)C(F)(F)OC(F)(C(F)(F)F)C(F)(F)OC(F)(C(F)(F)F)C(F)(F)OC(F)(C(F)(F)F)C(=O)O,UV/S,10,25,9.5,20,48,254,,,,,,,,,
1:1 PFECA,C(F)(F)FOC(F)(F)C(=O)O,UV/S,10,25,9.5,20,48,254,,,,,,,,,
PF4OPeA,C(F)(F)FOC(F)(F)C(F)(F)C(=O)O,UV/S,10,25,9.5,20,48,254,,,,,,,,,
PF5OHxA,C(F)(F)FOC(F)(F)C(F)(F)C(F)(F)C(=O)O,UV/S,10,25,9.5,20,48,254,,,,,,,,,
1:2:1 PFECA,C(F)(F)FOC(F)(F)C(F)(F)OC(F)(F)C(=O)O,UV/S,10,25,9.5,20,48,254,,,,,,,,,
1:2:2:1 PFECA,C(F)(F)FOC(F)(F)C(F)(F)OC(F)(F)C(F)(F)OC(F)(F)C(=O)O,UV/S,10,25,9.5,20,48,254,,,,,,,,,
4:2:1 PFECA,C(F)(F)FC(F)(F)C(F)(F)OC(F)(F)C(F)(F)OC(F)(F)C(=O)O,UV/S,10,25,9.5,20,48,254,,,,,,,,,
4:2:2:1 PFECA,C(F)(F)FC(F)(F)C(F)(F)OC(F)(F)C(F)(F)OC(F)(F)C(F)(F)OC(F)(F)C(=O)O,UV/S,10,25,9.5,20,48,254,,,,,,,,,
C7 HFPO TA,"C(=O)(C(C(F)(F)F)(OC(C(C(F)(F)F)(OC(F)(F)F)F)(F)F)F)[O-].[NH4+]
",UV/S,2,100,12,,8,253.7,,,,,,,,,1.35
C7 HFPO TA,"C(=O)(C(C(F)(F)F)(OC(C(C(F)(F)F)(OC(F)(F)F)F)(F)F)F)[O-].[NH4+]
",UV/S,2,100,12,,8,184.9,,,,,,,,,1.98
C7 HFPO TA,"C(=O)(C(C(F)(F)F)(OC(C(C(F)(F)F)(OC(F)(F)F)F)(F)F)F)[O-].[NH4+]

",UV/S,1,100,12,,8,253.7,,,,,,,,,1.62
C7 HFPO TA,"C(=O)(C(C(F)(F)F)(OC(C(C(F)(F)F)(OC(F)(F)F)F)(F)F)F)[O-].[NH4+]

",UV/S,3,100,12,,8,253.7,,,,,,,,,2.202
C7 HFPO TA,"C(=O)(C(C(F)(F)F)(OC(C(C(F)(F)F)(OC(F)(F)F)F)(F)F)F)[O-].[NH4+]

",UV/S,1,100,12,,8,184.9,,,,,,,,,0.282
C7 HFPO TA,"C(=O)(C(C(F)(F)F)(OC(C(C(F)(F)F)(OC(F)(F)F)F)(F)F)F)[O-].[NH4+]
",UV/S,3,100,12,,8,184.9,,,,,,,,,3.18
C7 HFPO TA,"C(=O)(C(C(F)(F)F)(OC(C(C(F)(F)F)(OC(F)(F)F)F)(F)F)F)[O-].[NH4+]

",UV/S,5,100,12,,8,253.7,,,,,,,,,4.08
C7 HFPO TA,"C(=O)(C(C(F)(F)F)(OC(C(C(F)(F)F)(OC(F)(F)F)F)(F)F)F)[O-].[NH4+]

",UV/S,5,100,12,,8,184.9,,,,,,,,,6.12
C7 HFPO TA,"C(=O)(C(C(F)(F)F)(OC(C(C(F)(F)F)(OC(F)(F)F)F)(F)F)F)[O-].[NH4+]

",UV/S,2,100,10.02,,8,184.9,,,,,,,,,
C7 HFPO TA,"C(=O)(C(C(F)(F)F)(OC(C(C(F)(F)F)(OC(F)(F)F)F)(F)F)F)[O-].[NH4+]

",UV/S,2,100,11.01,,8,184.9,,,,,,,,,
C7 HFPO TA,"C(=O)(C(C(F)(F)F)(OC(C(C(F)(F)F)(OC(F)(F)F)F)(F)F)F)[O-].[NH4+]

",UV/S,2,100,5.98,,8,184.9,,,,,,,,,
PFOA,O=C(O)C(F)(F)C(F)(F)C(F)(F)C(F)(F)C(F)(F)C(F)(F)C(F)(F)F,UV/S,2,100,12,,8,253.7,,,,,,,,,
PFOA,O=C(O)C(F)(F)C(F)(F)C(F)(F)C(F)(F)C(F)(F)C(F)(F)C(F)(F)F,UV/S,2,100,12,,8,184.9,,,,,,,,,
GenX,C(CF3)2O,UV/S,2,100,12,,8,184.9,,,,,,,,,
HFPO-TA,C6HF9O4,UV/S,2,100,12,,8,184.9,,,,,,,,,
HFPO-TeA,C(F)(F)FC(F)(F)C(F)(F)OC(F)(C(F)(F)F)C(F)(F)OC(F)(C(F)(F)F)C(F)(F)OC(F)(C(F)(F)F)C(=O)O,UV/S,2,100,12,,8,184.9,,,,,,,,,
C7 HFPO TA,"C(=O)(C(C(F)(F)F)(OC(C(C(F)(F)F)(OC(F)(F)F)F)(F)F)F)[O-].[NH4+]
",UV/S,2,100,3.99,,8,184.9,,,,,,,,,
C7 HFPO TA,C(F)(F)FOC(F)(C(F)(F)F)C(F)(F)OC(F)(C(F)(F)F)C(=O)O,UV/S,2,100,5.98,,8,184.9,,,,,,,,,
C7 HFPO TA,"C(=O)(C(C(F)(F)F)(OC(C(C(F)(F)F)(OC(F)(F)F)F)(F)F)F)[O-].[NH4+]
",UV/S,2,100,8.02,,8,184.9,,,,,,,,,
C7 HFPO TA,"C(=O)(C(C(F)(F)F)(OC(C(C(F)(F)F)(OC(F)(F)F)F)(F)F)F)[O-].[NH4+]
",UV/S,2,100,10.01,,8,184.9,,,,,,,,,
F-53,C(C(F)(F)F)(C(F)(F)F)C(OCF2CF2SO3K),UV/S,20,160,10,,8,253.7,,,,,,,,,
1:3 FTCA,CF3CH2CH2COOH,UV/S,10,25,9.5,20,48,254,,,,,,,,,
2:3 FTCA,FCF2CF2CH2CH2COOH,UV/S,10,25,9.5,20,48,254,,,,,,,,,
3:3 FTCA,FCF2CF2CF2CH2CH2COOH,UV/S,10,25,9.5,20,48,254,,,,,,,,,
4:3 FTCA,FCF2CF2CF2CF2CH2CH2COOH,UV/S,10,25,9.5,20,48,254,,,,,,,,,
5:3 FTCA,FCF2CF2CF2CF2CF2CH2CH2COOH,UV/S,10,25,9.5,20,48,254,,,,,,,,,
6:3 FTCA,FCF2CF2CF2CF2CF2CF2CH2CH2COOH,UV/S,10,25,9.5,20,48,254,,,,,,,,,
7:3 FTCA,FCF2CF2CF2CF2CF2CF2CF2CH2CH2COOH,UV/S,10,25,9.5,20,48,254,,,,,,,,,
8:3 FTCA,FCF2CF2CF2CF2CF2CF2CF2CF2CH2CH2COOH,UV/S,10,25,9.5,20,48,254,,,,,,,,,
1:3 FTCA,CF3CH2CH2COOH,UV/S,10,25,9.5,20,48,254,,,,,,,,,
2:3 FTCA,FCF2CF2CH2CH2COOH,UV/S,10,25,9.5,20,48,254,,,,,,,,,
3:3 FTCA,FCF2CF2CF2CH2CH2COOH,UV/S,10,25,9.5,20,48,254,,,,,,,,,
4:3 FTCA,FCF2CF2CF2CF2CH2CH2COOH,UV/S,10,25,12,20,48,254,,,,,,,,,
5:3 FTCA,FCF2CF2CF2CF2CF2CH2CH2COOH,UV/S,10,25,12,20,48,254,,,,,,,,,
6:3 FTCA,FCF2CF2CF2CF2CF2CF2CH2CH2COOH,UV/S,10,25,12,20,48,254,,,,,,,,,
7:3 FTCA,FCF2CF2CF2CF2CF2CF2CF2CH2CH2COOH,UV/S,10,25,12,20,48,254,,,,,,,,,
8:3 FTCA,FCF2CF2CF2CF2CF2CF2CF2CF2CH2CH2COOH,UV/S,10,25,12,20,48,254,,,,,,,,,
4:2 FTSA,FCF2CF2CF2CF2CH2CH2SO3H,UV/S,10,20,9.5,20,24,254,,,,,,,,,
6:2 FTSA,FCF2CF2CF2CF2CF2CF2CH2CH2SO3H,UV/S,10,20,9.5,20,24,254,,,,,,,,,
8:2 FTSA,FCF2CF2CF2CF2CF2CF2CF2CF2CH2CH2SO3H,UV/S,10,20,9.5,20,24,254,,,,,,,,,
4:2 FTSA,FCF2CF2CF2CF2CH2CH2SO3H,UV/S,10,20,9.5,20,24,254,,,,,,,,,
6:2 FTSA,FCF2CF2CF2CF2CF2CF2CH2CH2SO3H,UV/S,10,20,9.5,20,24,254,,,,,,,,,
8:2 FTSA,FCF2CF2CF2CF2CF2CF2CF2CF2CH2CH2SO3H,UV/S,10,20,9.5,20,24,254,,,,,,,,,
6:2 FTSA,FC(F)(F)C(F)(F)C(F)(F)C(F)(F)C(F)(F)C(F)(F)CCS(=O)(=O)O,UV/S,20,160,10,,8,253.7,,,,,,,,,0.48
6:2 FTSA,FC(F)(F)C(F)(F)C(F)(F)C(F)(F)C(F)(F)C(F)(F)CCS(=O)(=O)O,UV/S,20,160,10,,2,253.7,,,,,,,,,
TFA,O=C(O)C(F)(F)F,UV/S,10,25,12,25,24,254,,,,,,,,,0.41
PFPrS,C(C(F)(F)F)(C(F)(F)S(=O)(=O)[O-])(F)F,UV/S,10,25,12,25,120,254,,,,,,,,,0.0032
PFBS,O=S(=O)(O)C(F)(F)C(F)(F)C(F)(F)C(F)(F)F,UV/S,10,25,12,25,120,254,,,,,,,,,0.037
PFOS,C(C(C(C(C(F)(F)S(=O)(=O)O)(F)F)(F)F)(F)F)(C(C(C(F)(F)F)(F)F)(F)F)(F)F,UV/S,10,25,12,25,24,254,,,,,,,,,0.25
3:3 FTCA,FCF2CF2CF2CH2CH2COOH,UV/S,10,25,12,25,48,254,,,,,,,,,
5:3 FTCA,FC(F)(F)C(F)(F)C(F)(F)C(F)(F)C(F)(F)CC(=O)O,UV/S,10,25,12,25,72,254,,,,,,,,,0.014
6:3 FTCA,FC(F)(F)C(F)(F)C(F)(F)C(F)(F)C(F)(F)C(F)(F)CC(=O)O,UV/S,10,25,12,25,60,254,,,,,,,,,0.045
7:3 FTCA,FC(F)(F)C(F)(F)C(F)(F)C(F)(F)C(F)(F)C(F)(F)C(F)(F)CC(=O)O,UV/S,10,25,12,25,48,254,,,,,,,,,0.15
4:2 FTSA,FC(F)(F)C(F)(F)C(F)(F)C(F)(F)CCS(=O)(=O)O,UV/S,10,25,12,25,48,254,,,,,,,,,0.0053
8:2 FTSA,FC(F)(F)C(F)(F)C(F)(F)C(F)(F)C(F)(F)C(F)(F)C(F)(F)C(F)(F)CCS(=O)(=O)O,UV/S,10,25,12,25,48,254,,,,,,,,,0.068
PFOA,O=C(O)C(F)(F)C(F)(F)C(F)(F)C(F)(F)C(F)(F)C(F)(F)C(F)(F)F,UV/S,10,25,9.5,20,12,254,,,,,,,,,
PFOA,O=C(O)C(F)(F)C(F)(F)C(F)(F)C(F)(F)C(F)(F)C(F)(F)C(F)(F)F,UV/S,10,25,9.5,20,48,254,,,,,,,,,
PFOA,O=C(O)C(F)(F)C(F)(F)C(F)(F)C(F)(F)C(F)(F)C(F)(F)C(F)(F)F,UV/S,10,20,9.3,25,24,254,,,,,,,,,
PFOA,O=C(O)C(F)(F)C(F)(F)C(F)(F)C(F)(F)C(F)(F)C(F)(F)C(F)(F)F,UV/S,10,39,9.2,25,0.17,254,,,,,,,,,
PFOA,O=C(O)C(F)(F)C(F)(F)C(F)(F)C(F)(F)C(F)(F)C(F)(F)C(F)(F)F,UV/KI,0.3,25,9.3,20,8,254,,,,,,,,,
PFOA,O=C(O)C(F)(F)C(F)(F)C(F)(F)C(F)(F)C(F)(F)C(F)(F)C(F)(F)F,UV/KI,1,25,9.3,20,22,254,,,,,,,,,
PFOA,O=C(O)C(F)(F)C(F)(F)C(F)(F)C(F)(F)C(F)(F)C(F)(F)C(F)(F)F,UV/KI,0.3,25,9,,14,254,,,,,,,,,
PFOA,O=C(O)C(F)(F)C(F)(F)C(F)(F)C(F)(F)C(F)(F)C(F)(F)C(F)(F)F,UV/KI,0.3,25,9,25,8,254,,,,,,,,,
PFOS,FC(F)(C(F)(F)S(=O)(=O)O)C(F)(F)C(F)(F)C(F)(F)C(F)(F)C(F)(F)C(F)(F)F,UV/S,10,25,9.5,20,48,254,,,,,,,,,
PFOS,FC(F)(C(F)(F)S(=O)(=O)O)C(F)(F)C(F)(F)C(F)(F)C(F)(F)C(F)(F)C(F)(F)F,UV/S,10,25,9.5,20,12,254,,,,,,,,,
PFOS,FC(F)(C(F)(F)S(=O)(=O)O)C(F)(F)C(F)(F)C(F)(F)C(F)(F)C(F)(F)C(F)(F)F,UV/S,10,32,9.2,25,0.5,,,,,,,,,,
PFOS,FC(F)(C(F)(F)S(=O)(=O)O)C(F)(F)C(F)(F)C(F)(F)C(F)(F)C(F)(F)C(F)(F)F,UV/NTA,2,10,10,30,10,254,,,,,,,,,
PFOS,FC(F)(C(F)(F)S(=O)(=O)O)C(F)(F)C(F)(F)C(F)(F)C(F)(F)C(F)(F)C(F)(F)F,UV/S,2,10,10,30,10,254,,,,,,,,,
PFHxS,C(C(C(C(F)(F)S(=O)(=O)O)(F)F)(F)F)(C(C(F)(F)F)(F)F)(F)F,IR/HOCCO-,10,12.5,3,25,,,,,,,,,,,
PFHxS,C(C(C(C(F)(F)S(=O)(=O)O)(F)F)(F)F)(C(C(F)(F)F)(F)F)(F)F,IR/HOCCO-,10,12.5,5,25,,,,,,,,,,,
PFHxS,C(C(C(C(F)(F)S(=O)(=O)O)(F)F)(F)F)(C(C(F)(F)F)(F)F)(F)F,IR/HOCCO-,10,12.5,7,25,,,,,,,,,,,
PFHxS,C(C(C(C(F)(F)S(=O)(=O)O)(F)F)(F)F)(C(C(F)(F)F)(F)F)(F)F,IR/HOCCO-,10,12.5,9,25,,,,,,,,,,,
PFHxS,C(C(C(C(F)(F)S(=O)(=O)O)(F)F)(F)F)(C(C(F)(F)F)(F)F)(F)F,IR/HOCCO-,10,12.5,11,25,,,,,,,,,,,
PFHxS,C(C(C(C(F)(F)S(=O)(=O)O)(F)F)(F)F)(C(C(F)(F)F)(F)F)(F)F,IR/HOCCO-,10,12.5,,25,,,,,0.1,,,,,,
PFHxS,C(C(C(C(F)(F)S(=O)(=O)O)(F)F)(F)F)(C(C(F)(F)F)(F)F)(F)F,IR/HOCCO-,10,12.5,,25,,,,,0.2,,,,,,
PFHxS,C(C(C(C(F)(F)S(=O)(=O)O)(F)F)(F)F)(C(C(F)(F)F)(F)F)(F)F,IR/HOCCO-,10,12.5,,25,,,,,0.5,,,,,,
PFHxS,C(C(C(C(F)(F)S(=O)(=O)O)(F)F)(F)F)(C(C(F)(F)F)(F)F)(F)F,IR/HOCCO-,10,12.5,,25,,,,,1,,,,,,
PFHxS,C(C(C(C(F)(F)S(=O)(=O)O)(F)F)(F)F)(C(C(F)(F)F)(F)F)(F)F,IR/HOCCO-,10,12.5,,25,,,,,2,,,,,,
PFHxS,C(C(C(C(F)(F)S(=O)(=O)O)(F)F)(F)F)(C(C(F)(F)F)(F)F)(F)F,IR/HOCCO-,10,12.5,,25,,,,,5,,,,,,
PFHxS,C(C(C(C(F)(F)S(=O)(=O)O)(F)F)(F)F)(C(C(F)(F)F)(F)F)(F)F,IR/HOCCO-,10,12.5,,25,,,,,10,,,,,,
PFHxS,C(C(C(C(F)(F)S(=O)(=O)O)(F)F)(F)F)(C(C(F)(F)F)(F)F)(F)F,IR/HOCCO-,10,12.5,,25,,,,,,,0.1,,,,
PFHxS,C(C(C(C(F)(F)S(=O)(=O)O)(F)F)(F)F)(C(C(F)(F)F)(F)F)(F)F,IR/HOCCO-,10,12.5,,25,,,,,,,0.2,,,,
PFHxS,C(C(C(C(F)(F)S(=O)(=O)O)(F)F)(F)F)(C(C(F)(F)F)(F)F)(F)F,IR/HOCCO-,10,12.5,,25,,,,,,,0.5,,,,
PFHxS,C(C(C(C(F)(F)S(=O)(=O)O)(F)F)(F)F)(C(C(F)(F)F)(F)F)(F)F,IR/HOCCO-,10,12.5,,25,,,,,,,1,,,,
PFHxS,C(C(C(C(F)(F)S(=O)(=O)O)(F)F)(F)F)(C(C(F)(F)F)(F)F)(F)F,IR/HOCCO-,10,12.5,,25,,,,,,,2,,,,
PFHxS,C(C(C(C(F)(F)S(=O)(=O)O)(F)F)(F)F)(C(C(F)(F)F)(F)F)(F)F,IR/HOCCO-,10,12.5,,25,,,,,,,5,,,,
PFHxS,C(C(C(C(F)(F)S(=O)(=O)O)(F)F)(F)F)(C(C(F)(F)F)(F)F)(F)F,IR/HOCCO-,10,12.5,,25,,,,,,,10,,,,
PFHxS,C(C(C(C(F)(F)S(=O)(=O)O)(F)F)(F)F)(C(C(F)(F)F)(F)F)(F)F,IR/HOCCO-,10,12.5,,25,,,,,,,,,0.1,,
PFHxS,C(C(C(C(F)(F)S(=O)(=O)O)(F)F)(F)F)(C(C(F)(F)F)(F)F)(F)F,IR/HOCCO-,10,12.5,,25,,,,,,,,,0.2,,
PFHxS,C(C(C(C(F)(F)S(=O)(=O)O)(F)F)(F)F)(C(C(F)(F)F)(F)F)(F)F,IR/HOCCO-,10,12.5,,25,,,,,,,,,0.5,,
PFHxS,C(C(C(C(F)(F)S(=O)(=O)O)(F)F)(F)F)(C(C(F)(F)F)(F)F)(F)F,IR/HOCCO-,10,12.5,,25,,,,,,,,,1,,
PFHxS,C(C(C(C(F)(F)S(=O)(=O)O)(F)F)(F)F)(C(C(F)(F)F)(F)F)(F)F,IR/HOCCO-,10,12.5,,25,,,,,,,,,2,,
PFHxS,C(C(C(C(F)(F)S(=O)(=O)O)(F)F)(F)F)(C(C(F)(F)F)(F)F)(F)F,IR/HOCCO-,10,12.5,,25,,,,,,,,,5,,
PFHxS,C(C(C(C(F)(F)S(=O)(=O)O)(F)F)(F)F)(C(C(F)(F)F)(F)F)(F)F,IR/HOCCO-,10,12.5,,25,,,,,,,,,10,,
PFHxS,C(C(C(C(F)(F)S(=O)(=O)O)(F)F)(F)F)(C(C(F)(F)F)(F)F)(F)F,IR/HOCCO-,10,12.5,,25,,,,,,,,,,0.1,
PFHxS,C(C(C(C(F)(F)S(=O)(=O)O)(F)F)(F)F)(C(C(F)(F)F)(F)F)(F)F,IR/HOCCO-,10,12.5,,25,,,,,,,,,,0.2,
PFHxS,C(C(C(C(F)(F)S(=O)(=O)O)(F)F)(F)F)(C(C(F)(F)F)(F)F)(F)F,IR/HOCCO-,10,12.5,,25,,,,,,,,,,0.5,
PFHxS,C(C(C(C(F)(F)S(=O)(=O)O)(F)F)(F)F)(C(C(F)(F)F)(F)F)(F)F,IR/HOCCO-,10,12.5,,25,,,,,,,,,,1,
PFHxS,C(C(C(C(F)(F)S(=O)(=O)O)(F)F)(F)F)(C(C(F)(F)F)(F)F)(F)F,IR/HOCCO-,10,12.5,,25,,,,,,,,,,2,
PFHxS,C(C(C(C(F)(F)S(=O)(=O)O)(F)F)(F)F)(C(C(F)(F)F)(F)F)(F)F,IR/HOCCO-,10,12.5,,25,,,,,,,,,,5,
PFHxS,C(C(C(C(F)(F)S(=O)(=O)O)(F)F)(F)F)(C(C(F)(F)F)(F)F)(F)F,IR/HOCCO-,10,12.5,,25,,,,,,,,,,10,
C7 HFPO-TA,"C(=O)(C(C(F)(F)F)(OC(C(C(F)(F)F)(OC(F)(F)F)F)(F)F)F)[O-].[NH4+]
",UV/PS,20,100,12,,8,253.7,,,,,,,,,0.66
C7 HFPO-TA,"C(=O)(C(C(F)(F)F)(OC(C(C(F)(F)F)(OC(F)(F)F)F)(F)F)F)[O-].[NH4+]
",UV/PS,2,100,12,,8,253.7,,,,,,,,,
C7 HFPO-TA,"C(=O)(C(C(F)(F)F)(OC(C(C(F)(F)F)(OC(F)(F)F)F)(F)F)F)[O-].[NH4+]
",UV/PS,5,100,12,,8,253.7,,,,,,,,,
C7 HFPO-TA,"C(=O)(C(C(F)(F)F)(OC(C(C(F)(F)F)(OC(F)(F)F)F)(F)F)F)[O-].[NH4+]
",UV/PS,10,100,12,,8,253.7,,,,,,,,,
PFOA,O=C(O)C(F)(F)C(F)(F)C(F)(F)C(F)(F)C(F)(F)C(F)(F)C(F)(F)F,UV/PS,20,100,12,,8,253.7,,,,,,,,,1.5
6:2 FTSA,FCF2CF2CF2CF2CF2CF2CH2CH2SO3H,UV/PS,20,100,12,,0.17,253.7,,,,,,,,,
6:2 FTSA,FCF2CF2CF2CF2CF2CF2CH2CH2SO4H,UV/PS,20,160,6,,8,253.7,,,,,,,,,
6:2 FTSA,FCF2CF2CF2CF2CF2CF2CH2CH2SO5H,UV/H2O2,20,96.6,,20,12,253.7,,,,,,,,,
